"age","ageGroupPop","ageGroupPopShare"
"1-4",62705647,0.04824983265337064
"15-24",169791929,0.1306490332544211
"25-34",181364790,0.13955395064680073
"35-44",164604954,0.12665783489030538
"45-54",163954597,0.12615740760957023
"5-14",162511549,0.12504703194418906
"55-64",167807076,0.12912175732835432
"65-74",123377397,0.09493465171419845
"75-84",62171960,0.047839178913695816
"85+",26158060,0.0201277249804444
"<1",15155450,0.011661596064649905
